7.6524,39.451,79.845,14.612,9.1809,21.285,4.5115,15.229,0.06478,2.9301,4.3177,4.0313,19.371
9.5346,38.432,72.331,12.998,7.0002,19.257,3.3814,15.357,0.042596,2.7251,3.2501,1.1141,16.958
3.3368,43.116,74.675,16.139,10.144,24.566,4.9819,16.65,0.04138,2.9338,5.1403,1.8127,20.104
9.0336,33.307,85.047,16.094,7.4614,19.41,3.21,14.696,0.066403,3.0802,3.401,0.70293,23.097
9.3523,35.898,88.051,14.915,11.282,21.329,5.184,15.631,0.047048,2.7289,3.3474,3.1364,24.54
10.038,42.883,73.832,19.372,10.397,20.528,5.4621,15.522,0.039644,2.7355,5.742,2.4201,21.273
6.922,44.914,70.368,14.818,10.796,19.692,5.3513,17.787,0.01624,2.8572,4.6049,0.493,21.98
9.2566,38.69,80.091,18.042,9.9984,22.436,3.3671,16.256,0.052923,3.0346,4.7109,3.8441,21.874
9.3462,42.661,76.078,15.902,10.315,20.737,3.514,15.797,0.010438,2.9676,3.9288,3.8542,22.92
3.0191,40.342,85.63,14.171,7.5115,22.827,3.5364,15.855,0.013974,2.9173,4.6645,3.3798,23.097
3.5965,39.917,74.791,15.397,8.1697,25.949,3.6179,18.392,0.053169,2.9338,4.8386,0.77916,22.711
3.0844,40.961,88.101,12.642,9.0278,24.568,4.1683,16.15,0.046501,2.6582,4.399,2.0772,19.873
6.0688,36.612,86.227,15.621,9.413,24.063,3.3869,15.954,0.068719,3.0597,3.6897,1.9961,23.601
6.333,44.068,89.81,15.469,7.7297,19.99,4.6379,17.065,0.064901,2.7261,5.1724,2.8736,17.298
7.1718,35.867,81.798,18.292,12.685,23.261,5.3771,14.53,0.055435,3.0909,4.4825,1.8947,22.542
3.6909,33.616,87.173,18.463,12.861,20.923,5.5158,15.706,0.053167,3.0596,3.4398,2.2451,20.166
9.3415,43.961,78.845,14.948,9.5336,23.258,5.3534,15.212,0.050368,2.7614,4.1219,4.1589,17.197
2.0207,41.739,76.131,14.668,8.3724,24.042,5.3971,17.32,0.028098,2.94,4.0361,1.5782,16.25
7.5522,40.449,83.04,16.443,7.6792,20.154,5.0617,15.351,0.061519,2.6243,3.8408,1.1345,19.944
7.8845,44.193,70.342,18.653,12.041,24.805,5.2994,17.45,0.050392,3.0525,6.0563,0.76063,23.191
3.4234,30.58,80.283,12.022,8.2255,21.26,4.2943,15.207,0.048843,2.7144,6.0447,0.54224,18.929
2.2226,38.572,83.698,14.206,11.156,24.299,5.2136,14.541,0.035705,2.8867,3.1714,1.8562,23.347
8.4604,41.765,82.372,16.009,9.0851,21.468,5.4528,16.948,0.028377,2.9067,5.4995,3.5093,19.219
2.2199,40.322,89.64,18.596,7.7543,23.66,4.9463,14.931,0.042489,2.6404,4.1602,2.5281,21.061
4.7003,35.813,89.954,18.198,8.995,20.814,4.616,14.924,0.057262,3.0502,3.5629,3.5293,20.064
4.1743,32.981,74.546,17.342,7.4099,20.512,4.1657,17.03,0.030486,2.9117,5.8665,1.4064,24.901
4.8519,43.829,82.041,16.031,10.336,24.503,5.6369,16.525,0.027841,2.8934,4.1402,4.2899,17.672
9.7362,41.742,87.339,16.814,7.7798,20.339,4.505,16.527,0.067948,3.069,6.1457,3.2088,21.009
6.6738,43.358,84.333,13.95,8.6426,25.335,4.6687,18.081,0.055294,3.0467,3.8114,3.669,22.314
2.0053,36.914,73.252,15.4,12.226,20.626,3.7439,15.364,0.030581,2.9123,6.123,3.7784,21.108
2.4623,43.522,80.136,18.876,11.829,19.58,3.4703,17.91,0.02122,2.6475,3.2745,2.2481,19.381
9.0891,36.58,71.63,12.774,11.089,19.816,4.0818,16.017,0.058951,2.9727,5.0119,1.1061,16.566
2.1625,44.991,73.975,14.449,9.1347,22.656,4.7244,18.142,0.036405,2.951,4.4275,2.5782,23.754
5.3583,41.817,78.57,19.113,11.003,19.296,4.164,17.236,0.058291,3.0281,3.5221,3.1896,22.581
6.5464,38.069,88.271,17.243,11.482,24.011,5.2534,16.193,0.030833,3.0419,4.5206,1.0224,24.345
3.2774,38.731,74.439,18.365,11.615,21.758,5.478,15.388,0.019241,3.0034,5.6129,3.3992,21.28
10.798,38.399,76.418,15.553,9.5266,20.145,4.8813,15.594,0.043841,2.9846,3.4111,1.6681,20.833
9.2092,44.869,87.248,14.156,7.67,21.135,3.4224,17.839,0.051828,3.0457,3.3261,2.1135,16.32
8.5241,43.874,87.755,12.944,7.7004,20.729,4.7253,15.376,0.040044,2.92,3.6422,1.5782,21.329
8.9394,42.456,82.616,14.837,11.043,25.081,5.3015,15.415,0.051822,2.6708,3.2576,3.1117,19.497
6.3367,37.287,70.692,19.42,8.6612,20.953,3.5742,15.021,0.058636,2.8595,3.1945,0.59441,23.459
10.855,39.618,71.392,19.105,8.5602,23.168,5.6987,14.808,0.031209,2.9384,4.5853,2.5706,20.517
2.2116,40.6,88.08,15.642,9.6325,19.993,3.2865,16.914,0.068192,2.8037,4.2043,1.9207,21.184
2.911,42.719,87.561,12.804,10.531,20.25,3.2499,17.373,0.034737,2.6506,5.7004,1.4025,16.116
3.3993,40.908,71.55,14.79,9.9977,21.436,5.2362,14.754,0.065757,2.7399,5.4187,3.7596,17.915
7.5713,39.872,87.303,18.418,9.9059,23.266,5.3259,17.412,0.017062,3.0331,5.7462,0.57683,20.088
10.194,44.251,87.112,13.885,9.8947,22.905,5.051,17.045,0.027464,2.7121,4.0072,1.2906,17.262
4.8568,37.145,80.9,12.984,10.466,19.078,3.3296,16.636,0.020914,2.6049,4.3049,3.1569,17.928
9.7112,36.12,81.833,15.837,8.6747,23.506,4.9922,18.123,0.054119,2.6834,4.4011,1.7651,24.116
4.8772,39.204,72.533,15.546,10.038,23.178,5.4405,17.3,0.022534,2.6271,5.6985,3.3798,19.152
10.39,44.696,79.779,16.918,10.767,21.032,4.0765,16.304,0.03633,2.7024,4.3611,1.5182,23.192
9.3696,37.006,81.227,17.44,10.541,21.912,4.7372,17.67,0.010347,3.0832,3.912,2.024,22.007
5.9533,34.57,83.637,18.227,11.304,21.222,3.7599,14.895,0.042991,2.7127,6.1341,1.4914,19.49
5.0943,37.987,71.49,17.29,10.151,23.661,3.7379,15.73,0.025343,3.0343,4.2127,1.9822,20.445
3.69,40.551,75.57,16.72,12.828,21.174,4.4204,14.988,0.055125,3.0389,5.7286,3.2868,22.702
4.0127,38.689,77.269,14.633,12.167,19.174,5.0551,15.557,0.021251,2.9302,4.2034,0.76905,16.063
8.3308,39.057,71.084,15.242,12.287,21.06,4.1944,16.751,0.042386,2.9053,5.1645,2.5296,20.197
9.3779,43.448,75.393,15.658,9.934,21.807,4.283,18.056,0.025664,2.9665,4.2233,4.0463,22.184
3.4228,37.827,79.561,19.047,7.3665,24.801,4.8103,14.773,0.037088,3.0821,4.3278,1.2233,21.362
5.1099,33.358,77.055,13.666,10.86,20.099,5.2957,16.144,0.035955,2.909,3.7317,0.86795,17.899
5.5286,37.908,75.28,19.275,7.3468,22.57,4.3864,17.206,0.016711,2.82,3.5037,1.9596,24.808
6.7029,40.214,72.58,14.397,11.172,24.183,5.3114,17.358,0.056998,2.954,3.9866,3.1286,23.921
5.4958,39.192,72.658,12.804,11.651,24.572,3.4283,16.514,0.033252,3.0892,4.4948,2.2973,22.405
6.6776,33.673,81.802,14.305,9.6668,20.394,4.3791,15.137,0.026162,2.9809,4.9353,0.78977,16.803
6.8508,42.965,86.153,13.613,9.3716,25.099,5.0104,16.354,0.029391,3.0077,5.6641,1.1051,22.572
6.0077,43.569,87.007,14.323,12.874,23.626,4.9179,16.425,0.054769,2.6789,5.7888,1.2475,19.408
9.7022,44.251,71.386,16.682,12.479,19.024,3.2037,17.415,0.036425,2.9887,5.9733,1.9238,19.404
4.509,42.521,74.409,19.141,7.5971,24.407,5.316,16.442,0.023654,2.8094,3.4876,2.2683,21.765
8.4842,42.336,75.417,15.446,8.1444,23.561,5.0129,17.43,0.039572,2.9381,5.794,1.0583,22.174
9.2846,34.15,80.836,15.506,11.325,22.214,4.516,14.585,0.043832,2.7299,4.9703,0.98575,22.813
7.2026,37.622,72.892,12.685,9.0946,22.158,3.2249,15.517,0.024597,2.6357,3.982,1.571,19.547
8.0439,39.132,74.959,12.878,7.5226,22.26,4.9624,16.323,0.048937,2.6663,3.7698,1.5721,24.465
10.397,44.222,79.027,16.934,7.717,22.004,5.2767,17.44,0.066977,2.9998,4.3494,2.2291,23.503
7.9571,39.243,73.789,12.89,8.6838,22.562,5.3463,15.869,0.037357,2.8573,4.9783,2.5505,18.026
5.1137,39.851,83.698,18.047,11.15,25.181,4.8359,14.923,0.041954,2.6381,4.9272,1.5037,20.288
7.218,34.377,84.557,13.15,11.722,22.124,5.3352,17.193,0.062536,2.7891,5.3177,2.3567,22.82
3.5112,35.777,81.425,17.94,12.297,23.417,4.4741,17.348,0.054995,2.9877,5.4458,0.52453,23.846
8.7435,44.529,83.563,17.227,12.469,19.885,3.8061,18.095,0.061702,2.6399,4.3425,0.83421,20.845
7.6864,43.698,86.428,15.108,9.6701,21.499,5.602,15.821,0.066896,2.9874,3.8432,0.69544,17.32
3.2126,43.356,72.792,13.95,8.4133,20.269,4.9718,17.043,0.027579,2.7727,5.3943,2.2461,17.785
10.287,40.111,77.859,12.557,11.006,25.831,4.0432,17.245,0.035712,3.0201,4.2696,2.1524,18.662
9.1152,38.738,89.359,18.063,8.5589,23.782,3.4688,18.349,0.046477,3.0637,4.9468,2.0018,24.377
4.0455,39.315,75.18,14.485,11.376,20.239,4.8872,16.384,0.021367,2.8993,3.8964,4.163,21.816
7.8672,37.719,83.214,13.617,12.228,20.039,3.6689,18.049,0.050666,2.6948,5.7966,3.1695,18.838
4.6554,40.907,85.064,15.803,11.615,19.45,3.2622,15.497,0.0565,2.6244,3.8587,3.9736,18.618
10.354,38.032,81.372,15.308,8.0954,24.577,4.1009,16.456,0.061726,2.7772,3.2777,0.81529,22.296
10.181,38.513,70.116,13.09,11.818,22.993,4.5438,16.624,0.058726,2.8906,5.4462,3.3899,24.106
9.3374,39.611,71.447,14.314,7.7303,22.476,5.0686,17.44,0.060828,3.0412,6.006,1.4812,21.842
9.5917,39.796,79.046,12.742,7.7481,21.607,4.2216,17.252,0.029724,3.0725,3.7539,2.1956,17.077
9.3555,41.913,75.505,15.332,11.576,20.275,4.6918,16.397,0.040373,2.795,4.4451,4.0137,21.091
10.682,37.53,77.625,14.901,10.539,23.636,4.0982,15.396,0.066233,2.6324,5.7204,2.2871,23.292
10.361,42.549,82.553,13.349,10.531,24.76,3.9412,16.881,0.037948,2.7402,4.6427,1.6896,21.659
10.798,37.166,84.117,15.386,11.575,24.091,4.5757,14.891,0.037035,3.0761,3.3233,1.6593,21.52
8.5615,40.541,75.986,13.219,12.465,22.867,5.5317,15.04,0.04258,3.0749,4.9084,2.5239,17.507
6.7729,36.112,72.141,12.294,9.005,19.72,4.397,15.924,0.030711,2.6935,4.796,2.2757,21.824
10.826,33.305,70.956,15.726,9.3827,23.915,4.1731,18.456,0.031201,2.8391,4.867,0.75259,23.656
6.3808,41.72,82.785,14.605,7.1852,19.385,4.4268,17.067,0.067388,2.8607,5.2156,1.88,22.949
3.9832,44.951,86.688,12.912,11.946,22.948,5.0191,18.003,0.059065,2.9026,4.9559,2.9477,22.905
7.7108,35.946,84.854,17.775,11.059,20.329,3.6188,15.151,0.016372,2.9052,4.9757,3.2063,24.788
7.8053,43.693,74.735,13.851,8.4092,23.468,4.0847,17.745,0.042447,3.0533,4.9074,0.54019,23.604
3.1379,41.617,74.724,12.132,9.9083,25.59,4.2023,15.579,0.012945,2.9036,4.6336,3.4152,23.805
7.1986,41.988,87.525,14.124,9.516,19.007,5.076,16.472,0.054862,2.8497,4.2038,3.3205,18.511
6.3718,40.448,88.391,14.5,11.718,21.91,4.8746,18.055,0.023785,2.6434,4.2948,0.81564,18.388
9.969,41.773,78.175,16.84,9.4045,20.634,3.8914,17.879,0.045876,2.9534,5.4008,2.5915,17.37
3.9192,38.133,80.077,16.576,11.251,19.042,3.7135,18.283,0.014097,2.6818,4.689,1.2924,22.523
6.722,37.245,80.141,15.112,10.091,23.728,3.2446,16.296,0.029649,2.7068,5.1945,1.1857,20.565
9.7073,38.606,77.036,18.04,11.795,20.816,5.451,17.952,0.014198,2.6387,4.2182,2.9934,21.666
2.8376,42.187,89.657,12.616,11.162,20.853,5.3591,17.725,0.034491,2.9219,3.8153,2.9908,17.759
7.0438,43.428,73.119,16.841,11.784,21.279,4.9078,18.529,0.063361,2.7539,4.9784,0.54208,19.731
6.8549,43.068,84.218,18.027,8.8114,22.921,5.6354,14.918,0.033202,2.8837,4.5044,1.2273,22.978
9.9568,39.985,75.987,15.723,10.917,21.072,4.1462,16.767,0.048844,2.7951,4.1504,4.232,23.092
8.3195,42.883,71.102,12.71,10.694,25.551,4.8346,17.071,0.041531,2.7026,4.935,4.4092,16.99
4.3842,38.127,85.544,16.125,10.179,22.077,3.235,17.673,0.065546,2.7123,6.1243,0.9553,19.252
10.371,41.054,89.475,14.284,10.369,25.374,3.6505,15.866,0.031097,2.8657,6.0513,2.5428,16.463
9.657,42.237,86.378,14.205,8.324,23.032,4.6042,16.767,0.032857,2.7894,5.1015,1.4328,17.907
3.0716,43.141,70.058,18.767,8.8315,24.59,3.262,15.144,0.05758,3.017,4.8532,1.2543,19.863
8.0779,42.73,76.901,14.631,12.636,24.989,3.353,16.521,0.031599,2.965,5.7274,0.51949,24.949
6.8309,34.47,87.643,14.794,9.5096,22.776,4.3494,17.614,0.066643,2.8479,5.2242,1.1706,19.571
4.5395,38.984,73.505,18.383,10.755,20.392,3.3963,15.682,0.026905,2.997,5.7805,3.6596,22.766
7.144,41.262,75.372,17.984,10.845,25.218,3.7894,16.801,0.028571,2.8738,3.6409,0.98816,22.226
6.1765,40.585,75.712,14.53,8.6954,23.315,3.2435,16.866,0.066299,2.6979,4.8214,3.9588,18.671
2.4474,37.006,78.856,17.029,8.8126,20.098,4.6478,14.805,0.032497,2.7636,5.864,2.9408,20.553
3.6424,44.713,83.053,16.414,9.4904,19.061,3.4729,18.451,0.042978,3.0913,3.2721,0.60293,24.536
4.3785,44.981,88.292,13.098,10.27,23.456,3.2562,16.834,0.060512,2.7878,5.3347,4.1814,16.655
9.5762,37.492,85.757,17.216,11.867,20.603,3.5567,14.743,0.014558,2.7635,3.627,1.3983,22.603
4.4886,39.85,88.608,13.666,10.432,25.324,3.6154,17.91,0.01777,2.8588,4.7751,2.8535,20.738
6.568,36.865,78.284,13.597,10.528,19.182,4.8884,14.574,0.025666,2.8597,4.0818,2.2787,17.912
7.9634,39.757,84.344,12.421,9.9977,24.962,3.4705,15.118,0.012334,2.6455,5.2175,2.7491,24.926
4.6416,43.656,70.515,13.001,10.443,24.809,3.3058,17.452,0.045935,2.9608,5.1246,1.4302,18.828
7.0169,40.843,76.316,13.127,8.2379,20.586,5.12,14.92,0.039686,2.6694,4.4922,1.8417,20.139
3.6057,39.323,81.97,17.287,10.491,20.725,5.5645,17.467,0.031217,2.6766,4.0204,1.051,20.089
3.6544,42.811,81.702,15.921,9.0939,19.794,3.4268,16.853,0.015172,2.8061,5.6523,2.6097,24.017
6.4905,39.109,79.046,18.067,7.4151,22.92,3.6196,18.187,0.027814,2.6079,4.2093,1.1934,19.902
5.7438,41.266,89.879,17.131,8.2363,21.213,4.6685,15.236,0.011913,2.7252,4.5913,3.2905,17.592
7.8123,37.907,82.432,15.466,7.5199,19.209,5.3029,14.584,0.024845,2.9628,3.3905,1.2521,24.436
8.0319,35.123,73.47,19.131,10.567,21.777,3.535,16.013,0.038166,2.6043,5.8998,1.688,23.019
4.4565,34.745,86.945,15.364,9.1619,21.422,4.678,16.814,0.015868,2.9106,4.6251,0.58698,19.87
4.7148,38.441,77.994,15.064,10.596,21.32,3.6871,17.422,0.040926,2.604,4.3698,0.78635,22.351
8.4911,44.648,73.233,17.436,11.922,22.961,5.2402,15.213,0.0114,2.9691,3.9416,4.1133,21.852
3.1956,38.839,83.554,16.362,7.8018,22.43,3.2208,14.812,0.056414,2.7749,5.6371,3.9482,20.479
2.2857,36.301,78.438,13.213,11.63,21.868,4.6819,17.809,0.039141,2.7318,6.0897,1.168,24.506
4.0684,39.65,87.917,15.85,11.796,20.289,4.1671,16.002,0.014799,3.0324,5.0273,3.0506,21.317
10.994,35.577,80.563,14.832,7.9449,19.838,5.302,14.569,0.022946,2.7824,4.8992,0.5983,16.567
5.9649,39.012,76.266,13.06,12.847,24.143,3.474,15.278,0.053733,2.6432,5.071,2.2865,16.906
2.7009,41.235,82.813,12.819,10.292,20.104,5.2891,14.877,0.026822,2.9209,6.048,2.7077,19.059
6.3824,33.684,71.05,13.239,7.4442,20.876,3.2552,16.754,0.033217,2.9517,5.4402,0.81334,21.817
10.196,31.803,88.508,13.424,7.2206,22.018,3.8888,17.466,0.019957,2.8015,5.7808,0.75815,21.438
7.5045,40.882,85.351,12.912,10.766,23.713,4.3196,15.462,0.052606,3.0564,3.1946,1.5378,19.811
9.6694,37.889,88.291,16.489,9.043,23.22,4.1889,16.094,0.023918,2.8063,4.5173,1.8417,18.39
7.5344,44.551,75.43,13.216,11.165,25.291,5.4338,17.659,0.057935,2.7042,4.6383,1.4258,16.803
8.3068,36.895,72.097,17.948,11.872,25.786,3.6279,15.351,0.033863,2.9482,4.4537,0.57114,21.925
10.896,39.007,77.941,16.677,8.7256,21.367,3.7221,16.186,0.044011,3.0725,5.2242,1.8019,22.707
8.8501,33.668,80.366,14.184,12.377,19.655,5.4483,14.876,0.049329,2.9659,6.0293,0.9809,17.264
7.6177,36.515,80.851,14.833,12.133,19.871,4.8851,15.622,0.051801,2.7345,4.0374,2.5371,16.644
6.9265,36.023,78.208,18.725,11.112,20.777,3.2988,15.148,0.023691,2.9004,4.406,2.1618,21.295
6.2584,36.511,75.309,16.726,8.4018,24.134,5.472,16.066,0.011867,2.84,5.0008,0.84249,24.322
6.0374,37.834,70.014,15.741,11.202,23.456,3.8079,16.076,0.063966,3.0377,6.0222,1.4744,16.255
8.0086,39.888,73.442,17.073,9.1752,20.578,4.757,18.491,0.012758,2.7699,4.4164,0.9453,21.647
8.0422,41.817,89.851,12.037,10.933,24.497,3.6196,17.177,0.026609,2.9778,5.1298,3.6382,18.757
5.1169,41.243,74.86,12.421,8.5156,22.248,3.2838,18.189,0.064254,2.7215,3.794,3.1743,22.84
3.8774,41.798,72.988,13.595,8.3285,21.533,4.1156,14.95,0.038541,2.6146,3.8608,1.8457,17.126
4.8536,37.114,81.004,12.37,11.89,19.439,4.4557,14.956,0.06266,2.8009,5.0662,3.6425,18.471
8.4569,40.427,72.251,18.667,11.17,20.612,5.2388,16.421,0.064095,2.8634,5.3473,1.1645,19.085
6.0337,43.806,80.073,13.74,7.0105,21.536,4.7502,18.473,0.050661,2.8633,4.7954,1.5958,24.96
6.6654,38.986,85.427,14.362,8.2853,22.048,4.1111,17.459,0.021917,2.7576,3.4145,1.8429,17.484
3.2157,41.622,89.363,18.484,10.806,19.027,4.7575,15.959,0.015339,2.9979,4.7098,0.92011,19.979
8.7792,41.486,85.326,15.242,8.0219,21.068,3.973,15.755,0.031557,3.0023,5.2537,1.6028,23.998
6.2633,35.243,83.116,14.413,9.1165,23.102,3.6793,15.573,0.0386,3.0406,4.1687,1.6268,20.18
7.5565,40.794,78.185,16.957,12.815,24.533,3.8798,14.626,0.06232,2.7856,4.0099,0.72267,19.606
8.2115,43.085,73.393,16.192,12.743,19.887,5.0775,14.887,0.035713,2.7296,3.9746,4.2481,22.976
10.87,42.527,86.643,15.997,10.228,21.689,3.388,17.452,0.044084,2.7205,3.9215,3.7351,16.391
4.254,44.583,78.469,12.824,9.8367,23.921,5.1231,16.788,0.040871,2.9667,6.0368,2.2143,19.021
8.9912,41.009,87.567,19.122,11.468,21.212,3.6019,14.88,0.053055,2.9384,4.7674,1.8129,21.985
10.86,44.631,86.389,12.784,8.4703,20.884,3.9432,15.694,0.02895,2.9347,3.7654,1.3713,20.852
3.6885,33.064,86.441,12.666,8.75,21.569,3.5718,15.475,0.058118,2.678,4.7763,0.94457,19.051
9.2259,33.237,73.796,18.302,8.0738,19.596,5.3746,17.441,0.060443,2.6775,5.915,1.8728,23.859
8.7147,43.542,88.85,15.117,11.002,24.139,5.2947,17.35,0.017498,2.8779,4.1172,3.9837,20.107
5.6566,44.067,71.918,13.672,7.3301,20.332,3.4975,17.008,0.035519,3.0952,5.8238,1.9536,19.337
5.4036,30.189,81.801,19.022,9.238,19.747,3.9788,15.797,0.066677,3.0371,5.2461,1.2533,19.487
4.7488,43.053,89.224,17.815,10.308,25.127,5.2653,17.54,0.035894,2.8923,3.9208,3.262,22.796
7.5909,39.299,87.779,12.399,11.567,23.64,3.4623,15.424,0.052699,2.7443,3.542,3.5669,21.236
7.3813,41.629,74.845,17.184,7.4397,22.818,4.8233,16.491,0.029881,2.7404,4.9962,1.6413,22.982
9.218,43.685,79.102,18.21,7.2803,19.267,5.2557,14.626,0.051109,2.9918,5.9315,1.9146,18.49
6.462,41.768,86.068,14.069,12.625,22.869,5.2484,15.41,0.047911,2.941,4.621,0.67273,17.286
9.7468,38.509,86.555,16.078,7.7886,21.917,4.0027,18.175,0.015101,3.0038,3.4353,3.3626,16.36
6.79,37.721,72.769,16.096,12.934,19.318,4.3457,15.316,0.028764,2.672,4.6502,1.3733,21.492
2.0417,40.453,71.756,13.154,12.571,19.061,5.5517,15.57,0.057635,2.9388,5.2125,2.1442,17.679
5.4346,32.789,84.382,15.925,9.9825,20.326,4.8557,16.908,0.038925,2.8797,5.2959,2.2449,16.442
4.198,44.607,87.785,17.13,10.715,24.264,3.3344,16.373,0.064685,2.7017,5.0261,4.4697,21.199
10.797,43.46,77.881,12.637,8.3816,23.972,5.5328,16.268,0.048372,3.0203,4.9596,2.4908,17.065
8.8313,42.722,78.497,17.969,10.807,20.857,4.0593,16.406,0.044342,2.985,3.3752,1.9835,19.615
9.5631,42.813,78.855,16.67,12.456,19.006,4.2688,14.85,0.024994,2.9364,4.6571,1.9784,20.592
8.8735,40.621,88.795,14.69,11.034,22.552,3.8424,14.553,0.012393,3.0711,4.789,4.4661,17.917
8.0545,43.473,85.582,14.374,8.7451,24.924,3.7598,17.815,0.037814,2.876,3.8473,1.2878,24.094
6.3637,33.452,75.505,13.265,11.854,20.973,3.8357,17.587,0.041981,3.0667,5.1117,1.6636,22.561
7.111,40.581,75.142,13.087,9.6251,21.796,3.3306,15.584,0.053199,2.6124,4.2586,3.553,16.473
3.8109,42.581,84.781,14.992,9.2939,22.401,5.4545,16.308,0.02531,2.9475,5.6551,2.8683,16.22
6.1142,41.154,89.921,13.476,12.088,20.109,4.8984,18.371,0.067223,2.9958,5.3434,1.6723,18.503
9.7465,41.938,70.26,14.241,11.74,22.493,4.4502,14.629,0.060123,2.7031,4.9172,0.96099,17.215
8.5135,42.58,82.812,18.084,11.605,23.705,5.6397,14.664,0.024013,2.9924,4.8051,1.9943,22.656
2.5068,37.93,70.713,12.719,10.248,21.403,4.4452,14.932,0.060792,2.761,3.9173,2.1024,21.159
10.415,30.94,72.536,12.574,7.5717,19.863,4.6552,16.209,0.019012,3.0479,5.476,1.3272,17.32
6.0411,42.964,81.297,14.064,9.4812,20.665,3.6238,15.677,0.052492,2.7529,5.9619,2.091,17.797
10.891,33.221,86.934,16.694,12.761,20.317,3.896,15.155,0.026619,2.6946,5.9509,1.0996,16.971
5.252,42.363,83.609,12.449,11.711,22.826,5.2406,17.968,0.058077,2.6594,3.366,1.8333,22.246
3.531,39.473,87.023,17.793,8.9432,23.989,4.2039,17.148,0.021345,2.8148,5.1223,0.98059,23.195
9.7419,38.802,84.958,19.3,11.783,21.708,3.5732,18.51,0.060647,3.0513,4.6851,1.4589,24.551
4.9796,41.315,80.35,13.644,7.0833,23.098,3.543,17.579,0.028287,3.054,3.5442,2.515,22.442
4.6374,44.535,83.998,16.151,10.703,24.562,3.317,15.452,0.045144,2.6109,4.7143,4.1526,17.526
8.6911,44.156,74.65,12.734,12.462,24.119,5.4654,17.455,0.035889,2.8148,4.3894,0.60863,17.326
4.1259,34.461,83.882,14.212,8.9378,22.279,3.3804,14.809,0.038553,2.7847,6.144,1.2924,21.447
7.4472,33.826,77.923,14.41,10.011,24.591,4.5979,14.984,0.023127,2.6675,3.2709,0.57498,18.966
10.44,36.309,80.216,13.667,10.235,24.9,4.7534,15.472,0.067723,2.9889,3.6757,0.82399,23.753
7.4395,43.576,72.552,19.312,11.016,19.597,5.4876,15.539,0.068279,2.9919,3.9047,0.60233,22.139
8.802,37.651,75.367,15.953,12.309,24.819,3.7641,15.645,0.050493,2.853,5.2357,2.4557,24.03
2.3491,40.003,81.903,12.864,9.4846,20.406,5.324,14.924,0.015402,2.7182,3.3501,2.5433,16.552
8.1315,44.606,75.924,13.039,12.548,20.586,3.2279,17.16,0.013478,2.6559,3.5886,3.1993,17.994
4.0948,41.778,84.053,16.658,11.016,22.123,4.7056,17.576,0.042796,2.619,4.6887,1.7104,21.09
5.6678,43.578,76.128,19.342,9.5825,23.127,5.2036,16.419,0.060218,2.9054,3.563,2.9502,20.278
10.283,44.558,80.704,18.386,12.76,20.189,4.3211,14.644,0.045931,2.9275,4.6671,1.3049,21.21
3.3772,37.49,80.457,19.246,7.6037,22.073,5.1935,16.432,0.045605,2.6982,3.1657,1.8251,21.568
3.0412,34.046,88.278,16.468,12.654,20.756,3.6725,18.286,0.019687,2.7027,3.9453,2.5042,17.024
3.7969,40.011,86.027,13.279,9.5902,24.979,4.6819,17.393,0.038761,2.8497,3.2531,3.3075,23.721
4.7514,42.565,86.752,18.618,12.681,21.194,4.6041,16.034,0.026656,2.713,3.9314,3.6903,22.668
7.5484,38.462,77.387,16.656,9.0646,25.22,3.6507,17.573,0.056999,2.8272,4.7171,2.3293,24.767
4.4255,41.082,82.138,12.807,10.775,25.569,4.3268,18.166,0.067931,2.9754,4.7089,2.9102,22.105
7.623,37.058,84.96,17.98,9.5725,23.238,5.3477,16.067,0.060114,2.8518,4.7413,2.3591,20.071
2.2437,40.793,86.539,13.014,10.689,23.224,4.7968,17.285,0.054303,2.7225,5.8328,1.6234,22.206
7.887,43.011,72.47,14.991,8.5207,20.211,4.9689,17.876,0.058325,3.0576,5.1452,2.9837,21.704
4.1991,39.877,80.648,12.727,12.753,19.663,3.7171,18.358,0.013236,3.0915,3.4228,0.77904,19.467
3.036,39.433,77.853,14.722,7.8901,20.522,3.2047,17.337,0.043594,3.0007,4.1782,3.0307,23.236
7.8808,38.862,82.846,18.417,9.4781,23.712,3.499,16.636,0.010182,2.9129,4.408,0.95877,22.055
7.2498,42.437,73.725,12.968,11.454,25.238,3.334,17.959,0.060888,2.6096,4.2721,4.3801,17.791
8.9797,43.649,83.94,15.346,8.9171,19.798,4.0261,18.18,0.042772,2.9058,5.3172,3.8488,21.081
6.6959,41.328,85.063,12.767,7.6285,21.889,5.4746,14.904,0.012233,3.0385,5.6925,1.9139,24.253
6.5063,43.651,82.213,12.388,10.713,20.531,4.4725,14.915,0.068514,2.6645,4.5898,1.3431,19.764
5.5738,42.344,86.714,17.255,11.114,21.824,5.3123,17.592,0.069931,2.7039,5.3821,3.0549,20.014
8.4278,42.251,74.976,15.754,12.054,24.779,3.5024,16.499,0.038103,2.6733,5.9212,2.6793,24.678
6.1439,40.558,88.789,16.547,8.9745,25.437,3.4791,16.327,0.022742,2.6863,6.0233,2.949,23.517
6.3244,35.575,88.173,12.382,9.8097,20.199,4.0452,15.977,0.055408,2.6081,5.9364,0.90057,16.712
7.4825,34.729,72.84,16.873,11.868,21.871,4.0786,14.854,0.01956,3.0053,3.573,1.3677,22.138
4.9125,40.617,82.793,13.583,7.5703,22.763,4.9922,17.701,0.030964,2.9669,6.1476,2.4025,18.863
8.3768,39.246,84.158,13.542,9.6178,19.635,3.7749,16.199,0.054424,2.967,4.5276,0.69327,22.019
2.3273,40.394,88.288,16.863,9.4014,24.884,5.2083,15.565,0.026237,2.6419,4.3039,3.8084,23.152
10.853,38.814,77.088,16.993,9.2805,20.442,5.6374,16.424,0.049649,2.858,5.0424,1.7381,19.026
9.0014,38.24,71.336,16.459,9.0968,21.291,5.3693,14.699,0.061064,2.6007,4.7595,3.0491,16.496
3.5415,41.531,79.112,15.303,12.208,19.567,4.824,14.586,0.048354,3.0862,3.7064,4.1754,23.788
2.6541,32.558,71.744,18.142,9.6446,21.645,5.3687,15.134,0.016782,2.7746,5.4067,1.6361,24.529
4.2368,41.464,71.449,12.197,11.816,23.368,4.1266,18.324,0.013438,2.9245,5.4644,4.0941,19.484
6.1165,36.891,71.186,16.005,9.277,25.799,4.1845,16.762,0.046961,2.922,6.1241,0.8312,21.801
5.7216,32.748,76.068,13.614,9.1172,20.761,3.9972,14.795,0.05155,2.8518,4.989,1.8322,18.969
3.053,34.347,72.51,18.15,8.6464,20.901,3.6455,15.976,0.02229,2.8651,3.6732,1.1492,19.868
6.3892,41.449,76.431,17.284,7.1421,20.819,5.6998,15.567,0.054696,2.7793,5.4478,0.72043,22.553
5.2444,40.572,74.812,12.433,11.314,25.307,5.0486,17.084,0.012204,2.8523,4.8978,1.2244,23.795
8.0197,43.099,86.492,17.951,9.6988,19.004,3.3337,14.823,0.060239,2.6694,6.0771,1.691,24.038
8.0407,39.226,78.802,16.266,7.2655,23.073,4.6939,16.898,0.035833,2.7535,5.0667,1.9132,17.8
4.4557,41.601,83.92,14.432,9.7708,20.811,4.9345,18.178,0.028513,2.7204,4.686,4.484,24.266
5.5422,34.114,70.959,16.245,10.098,22.157,4.7609,14.932,0.068096,2.8671,4.7383,1.4754,22.894
10.938,42.822,79.104,13.239,10.111,21.848,4.0328,15.21,0.066373,2.7286,4.8142,4.0551,23.36
6.5208,44.766,78.999,19.392,12.748,19.04,4.6267,14.564,0.011405,2.7192,5.1373,3.2614,19.941
7.2953,43.811,87.163,19.235,10.418,21.573,4.1934,16.475,0.031617,3.0052,5.199,2.9734,24.883
8.5357,41.368,72.487,14.556,8.5145,21.218,3.8071,17.109,0.066524,2.8882,5.2577,3.1613,16.632
3.0373,38.169,78.998,13.66,11.53,22.814,5.2325,16.592,0.044475,2.6227,5.8775,3.8296,21.018
6.8805,31.663,79.384,12.599,11.292,19.067,5.1256,15.257,0.012648,2.8202,3.2495,2.1316,16.519
7.2246,40.959,72.808,17.052,12.632,25.725,3.4261,15.58,0.035717,3.0762,4.2299,3.1145,24.851
6.0358,43.127,79.856,17.384,9.3234,20.811,3.3066,14.738,0.067796,3.0022,4.9312,3.3988,22.659
3.8864,41.454,75.275,14.235,10.729,21.891,4.4412,17.126,0.021791,2.8457,5.4808,3.4863,20.707
10.471,41.145,72.85,12.459,8.0875,19.304,4.8664,15.858,0.049781,2.888,4.3014,1.0622,19.887
6.808,43.807,87.714,13.274,12.696,23.201,5.2118,14.977,0.051364,2.6354,3.5857,2.3581,18.169
4.0291,34.948,81.335,16.087,7.7036,22.405,5.5014,15.773,0.038743,2.7963,3.4658,1.8714,22.737
4.6619,37.127,84.305,16.458,12.513,20.447,5.2893,15.479,0.035101,2.9097,4.3548,3.4335,21.367
4.9129,34.742,72.629,12.084,7.9823,23.232,4.1115,16.321,0.031541,3.0706,4.1692,0.90682,24.304
4.0195,37.628,88.661,17.409,8.8198,24.875,3.7965,18.26,0.03684,2.8284,4.8244,0.6195,23.183
8.9682,37.138,83.113,16.246,9.9177,21.82,5.0288,17.732,0.04377,2.6517,4.4219,0.97979,19.078
2.573,31.128,84.607,16.201,11.513,20.254,4.14,16.457,0.056748,2.7325,3.1857,1.0655,19.287
7.4469,38.174,83.287,18.081,7.7871,22.738,4.4223,18.305,0.035515,2.9487,4.8616,1.484,22.287
4.9055,39.948,88.569,17.878,10.78,25.723,4.8992,17.433,0.043677,2.8902,4.1783,0.64767,20.562
10.844,41.151,71.764,15.429,11.833,23.434,4.6676,18.457,0.045956,3.0873,4.9633,3.6757,24.458
4.3496,41.476,70.861,15.532,10.097,24.81,3.4298,17.112,0.040346,2.9822,3.4201,2.4165,18.573
10.508,39.601,82.814,13.845,10.372,19.933,3.5255,16,0.045516,2.7255,4.9232,1.6952,24.996
8.8107,40.749,88.078,14.666,12.042,21.533,3.3844,17.082,0.018322,2.6525,4.902,1.3996,18.539
7.074,37.618,82.327,14.16,10.481,20.646,5.2323,14.535,0.029431,2.9562,4.6616,3.3168,18.671
10.987,34.638,86.837,15.901,9.0444,22.603,4.0018,15.656,0.046992,2.7034,5.003,0.63243,17.901
9.0247,42.684,77.162,17.37,10.483,25.521,4.8032,15.03,0.017698,2.9861,5.2535,3.0372,24.922
4.4808,42.592,88.663,15.483,8.7256,23.157,4.6622,16.672,0.06367,2.9352,5.786,2.1185,24.161
4.0961,38.979,79.22,15.397,7.2846,21.928,3.6896,17.994,0.061277,2.7639,4.5441,2.5363,17.938
10.681,32.328,86.666,14.311,11.904,19.262,4.0309,16.603,0.021031,2.8129,5.0481,0.71805,17.488
6.2256,42.838,89.726,18.124,12.421,22.405,4.6155,16.742,0.055773,2.6489,3.2645,0.83769,23.289
8.5015,40.461,72.911,13.936,11.72,24.692,3.8935,14.769,0.037753,2.7556,3.343,2.8248,23.686
5.2322,30.369,77.702,13.916,10.986,19.563,4.5996,15.054,0.055768,2.6131,4.9425,0.62516,20.868
10.718,37.412,87.744,18.795,9.9055,21.129,5.2669,17.18,0.023261,2.9057,4.6913,1.4626,22.087
9.6131,34.682,80.561,18.861,9.9843,20.281,4.0556,16.426,0.048482,2.8057,3.2784,2.2142,23.578
2.6606,41.063,88.409,13.688,12.013,23.729,4.6084,16.135,0.017576,2.767,3.5293,4.1722,18.556
9.6214,43.038,79.683,17.927,10.427,23.781,5.3696,16.262,0.052689,2.7123,4.4549,3.6884,17.942
8.0067,34.545,73.056,16.855,10.751,21.049,3.5943,17.678,0.029566,2.7058,4.0671,2.6505,22.261
9.4619,42.36,88.637,16.073,12.207,21.517,5.2487,14.726,0.062044,2.6198,3.7067,1.7161,20.102
9.4591,42.483,83.962,16.481,11.829,25.995,3.7632,15.677,0.054667,2.6238,4.2123,0.76021,21.217
4.3861,37.626,82.188,12.799,11.098,25.67,5.1506,16.258,0.055209,2.9525,5.795,1.5509,22.579
9.062,39.545,75.083,12.24,8.4112,21.965,3.4764,16.908,0.046639,2.7275,3.1905,0.96229,16.446
5.8649,39.754,82.62,16.85,8.9174,23.546,3.1911,17.186,0.064554,2.9682,5.0836,2.1142,19.083
9.9187,37.674,89.425,15.603,8.4383,20.054,4.8808,15.113,0.066641,2.7539,3.2865,1.5793,20.885
8.5095,36.485,88.177,14.191,11.637,23.19,4.1952,18.415,0.051655,3.0521,4.2775,1.0724,21.175
4.5277,34.994,71.635,12.923,12.91,19.013,3.535,17.604,0.038785,2.7782,5.1569,0.99404,16.827
4.2037,41.262,85.048,17.493,9.488,25.697,5.5456,15.406,0.025843,2.6576,4.5221,1.2003,16.876
3.3687,40.498,76.941,12.597,8.6034,25.118,4.1757,15.817,0.045131,2.9165,4.2883,3.721,19.337
3.7851,35.304,79.598,15.462,10.404,23.174,4.7637,14.628,0.053294,2.8801,6.0234,1.9192,21.838
9.1425,34.791,76.953,18.497,8.1713,20.717,5.0911,15.442,0.053118,2.9318,3.7812,2.2393,22.982
4.8278,38.733,82.608,17.12,10.206,21.715,4.5507,15.823,0.044387,2.8427,3.308,3.0591,20.602
8.2209,33.514,74.937,18.503,10.789,19.416,3.2495,16.803,0.066793,3.0775,4.9775,1.4314,20.674
2.5157,38.293,77.762,18.27,9.6278,24.76,5.5906,15.914,0.013745,2.8427,5.7774,1.5522,22.504
4.711,43.582,71.495,16.911,11.904,22.789,3.5028,14.74,0.035709,2.9096,3.4864,2.4547,18.201
9.7407,34.718,82.362,17.978,8.9625,19.165,4.9483,16.504,0.023768,2.8079,5.6767,3.2698,22.302
6.9934,40.731,82.531,18.964,9.1456,20.445,5.542,16.757,0.052546,2.6321,4.5645,2.0983,20.647
5.1856,41.484,83.404,12.949,8.1022,24.901,4.2091,18.144,0.064401,3.0915,4.7662,2.467,21.407
10.234,41.111,71.924,18.361,11.41,20.47,5.2213,16.739,0.017713,2.9436,5.3275,3.8129,21.592
5.6928,30.265,87.298,19.058,7.5205,19.05,5.6052,18.183,0.0601,2.7071,5.7231,0.92736,19.217
10.655,41.934,86.196,13.671,12.479,22.407,5.1635,14.564,0.065125,3.0686,5.3022,3.325,21.287
8.6088,37.294,89.962,17.631,9.953,23.353,4.7267,15.914,0.013129,2.6317,4.8092,2.1992,23.909
8.2803,37.924,72.844,15.512,8.3429,24.136,5.6155,15.985,0.032476,3.0707,3.7822,2.4836,18.538
9.1447,37.961,89.8,18.948,9.9805,21.822,3.3292,15.063,0.053226,3.0701,3.6833,1.5733,20.295
4.5598,36.097,73.19,13.865,8.992,21.216,3.7158,15.866,0.028042,2.612,3.8139,0.77569,20.47
6.1805,42.594,74.599,18.177,10.542,24.556,5.4316,18.231,0.022393,3.0763,5.0932,0.66571,24.361
9.6198,35.928,71.331,19.247,8.9543,21.67,3.2584,15.062,0.064812,2.7039,3.5898,2.4377,19.279
3.4221,34.596,76.118,12.567,10.681,25.021,4.4054,14.937,0.012921,2.8941,3.8448,0.95036,21.708
4.2348,41.714,78.495,13.284,11.752,23.371,3.3221,17.91,0.061568,2.9031,5.7827,1.1862,23.385
10.755,41.249,78.753,16.824,9.1921,24.578,4.5667,15.276,0.015187,2.8061,4.1803,4.0445,23.935
4.3031,36.096,71.165,17.199,10.874,21.328,3.2323,16.45,0.066566,2.9369,5.931,2.2379,18.764
7.9692,42.471,76.273,14.446,12.188,25.123,5.1149,15.361,0.051223,2.9623,4.8673,0.99194,18.483
3.7878,35.062,83.377,19.079,11.7,20.139,4.7778,16.096,0.056303,2.9203,3.333,1.2203,24.997
5.2698,42.871,71.313,12.875,10.337,23.941,5.6667,14.765,0.017727,2.878,5.973,2.302,16.451
9.7108,38.688,83.85,16.417,10.117,20.729,5.5234,15.874,0.01827,2.7689,5.3778,0.54018,19.024
3.619,41.803,89.225,15.734,7.678,20.15,4.7505,15.585,0.055907,2.8596,4.0452,1.3329,24.78
9.3937,40.775,78.644,16.821,12.924,24.098,4.2947,17.525,0.048455,2.9072,3.3131,3.5435,24.548
7.0884,39.675,70.873,12.399,11.245,20.804,3.4573,15.702,0.041195,3.0188,4.119,4.0701,22.007
3.08,36.034,83.879,18.748,10.078,19.228,4.0661,15.722,0.019833,2.861,6.1382,3.1623,22.499
5.8879,41.276,84.373,16.543,10.024,21.355,4.0826,14.856,0.06182,2.6362,4.3413,2.84,22.608
10.212,44.211,71.962,13.211,9.2689,23.062,3.7943,16.658,0.067991,3.0933,3.4928,1.0605,21.365
7.0044,42.502,76.588,18.298,8.6081,25.941,4.8744,16.272,0.02297,3.0901,4.3934,2.1255,22.586
2.1637,44.063,83.53,18.271,10.588,21.172,3.7882,15.78,0.030802,3.0737,4.9242,2.3486,18.607
9.9621,38.49,86.315,18.354,11.858,24.342,3.402,14.61,0.067471,2.6887,4.2073,2.9247,22.888
8.6589,44.823,81.193,14.47,8.9992,19.303,3.8519,18.283,0.013922,2.8599,4.4123,2.7002,21.155
2.0425,42.421,82.71,12.775,10.064,24.274,3.4193,17.404,0.034075,2.7738,6.0419,4.2542,23.608
4.119,31.268,73.355,16.395,12.115,20.351,4.8022,17.827,0.033045,2.9669,5.5174,0.50529,21.411
3.0478,43.163,77.353,16.515,12.338,25.112,5.0376,14.759,0.039581,2.8816,4.1004,4.4282,17.933
2.8587,44.787,70.049,13.412,8.0776,25.543,4.8847,18.002,0.049466,2.6418,4.0763,1.2603,20.259
5.5456,39.597,77.694,12.237,12.419,21.894,5.2457,15.098,0.051394,2.8409,4.8069,3.2389,17.114
3.2838,38.335,73.511,17.324,9.6581,23.625,4.3421,15.456,0.029031,2.7873,5.3436,3.3456,24.243
9.5879,38.528,81.719,19.382,8.0108,20.696,4.9643,14.973,0.069702,3.0454,3.793,0.56798,20.697
8.0893,41.922,72.074,16.424,8.9382,21.253,3.2779,15.74,0.049778,3.0929,4.9015,1.4558,23.944
7.4606,34.632,70.766,12.129,11.359,21.704,4.6124,16.783,0.052631,2.8974,5.6201,1.9802,20.077
8.4736,38.305,77.843,13.379,11.339,22.667,3.5789,16.544,0.023859,2.6015,5.4194,2.6592,16.46
3.0038,38.738,76.678,18.079,8.6422,24.595,4.8458,16.638,0.061898,2.6,3.4982,1.7838,18.918
8.2466,41.546,71.571,19.202,8.5001,21.881,4.0644,16.197,0.018878,2.9516,5.7531,1.6603,22.508
2.6971,44.289,84.478,17.03,7.9339,25.361,5.051,17.951,0.034266,2.6714,3.563,2.2293,24.13
8.0545,41.153,78.859,13.097,12.561,25.716,4.3968,18.128,0.043364,2.8381,5.8603,3.8169,17.894
6.7287,43.407,77.59,16.258,7.1214,23.306,4.1471,16.007,0.033055,2.8419,3.7334,1.6048,23.328
4.3122,41.358,89.987,15.165,8.6815,22.291,5.4493,16.604,0.059968,2.7878,5.9487,0.5604,21.913
4.9626,40.157,86.244,18.476,7.2009,21.462,4.6803,15.11,0.031074,2.8476,4.2207,0.81333,24.277
2.8836,40.555,89.637,14.466,9.4124,20.696,4.0671,17.228,0.03906,3.0845,4.0505,1.5031,23.552
7.0103,38.463,88.468,14.742,8.0156,25.753,5.4992,15.596,0.026701,2.8514,5.8075,1.0953,16.269
7.2565,41.264,78.376,12.7,10.214,25.93,5.533,17.077,0.010565,2.6656,3.7216,1.6242,17.766
5.9213,41.174,72.139,15.187,8.6084,25.391,3.5482,15.409,0.022483,3.0986,4.6479,2.0347,20.539
7.5198,35.042,79.145,15.447,10.607,21.519,3.6183,15.999,0.022486,2.753,4.9548,2.3577,18.876
3.1828,33.693,87.012,17.831,10.381,23.13,5.5728,15.846,0.063614,2.9888,3.5512,0.55292,19.539
8.8661,39.742,81.642,19.119,8.1396,23.346,3.7918,17.469,0.069558,2.909,5.8222,2.1928,20.92
7.9622,32.852,86.465,16.055,10.336,22.692,5.6226,17.215,0.024279,2.9819,3.3831,1.2186,21.133
9.7084,41.444,76.484,13.681,10.328,21.944,4.403,15.883,0.022275,3.0173,5.8867,3.5542,24.48
10.068,38.66,86.291,16.935,10.515,22.727,4.2668,17.653,0.054061,2.7862,3.7721,3.4109,21.015
9.9633,35.823,75.897,14.814,10.337,21.497,5.173,17.122,0.066839,3.0218,6.1447,0.60225,23.211
4.3007,44.723,89.434,14.039,12.562,25.732,3.6242,18.355,0.025771,2.6689,6.1091,0.71307,20.393
9.1267,38.759,70.535,13.497,12.003,21.456,5.0366,17.981,0.057176,3.0977,5.8773,3.1176,18.535
6.6238,31.688,72.825,17.43,9.8291,19.701,3.8187,17.009,0.06993,2.6761,5.5091,0.55243,23.547
4.5515,43.646,84.01,16.522,12.785,20.311,4.1356,18.391,0.02577,2.8621,5.6168,1.6751,23.914
4.6008,35.591,84.896,14.955,12.065,19.469,4.7658,17.817,0.010235,2.9102,4.8585,0.7251,22.547
8.1751,36.308,86.268,14.319,10.714,24.063,4.8066,15.028,0.018905,2.6146,5.5937,0.92906,18.909
2.6454,34.911,72.778,16.02,8.374,19.011,4.49,14.646,0.012619,2.8807,3.3684,3.5119,22.65
2.9636,39.138,81.108,13.732,12.154,20.913,4.2784,16.207,0.05895,2.694,3.7748,4.1039,20.654
5.6117,44.401,82.268,16.988,8.978,23.994,4.2697,17.052,0.053378,2.652,5.6213,3.635,20.658
6.5302,43.673,73.36,18.284,9.5493,21.859,3.6888,14.877,0.059109,2.685,5.5118,2.6378,21.341
9.7292,44.345,80.81,18.762,8.6154,25.712,4.4372,14.97,0.049369,3.0934,5.209,2.2548,21.718
5.558,33.926,86.731,16.426,8.5374,19.31,3.9276,17.813,0.041154,2.9258,5.9377,1.7701,19.737
3.8849,39.695,84.625,13.326,9.2845,22.618,4.3536,15.329,0.04034,2.9929,3.9381,3.1829,17.751
9.2594,44.576,82.252,18.768,10.086,21.584,4.1973,15.28,0.01614,3,5.5527,3.1933,23.342
7.7434,36.479,81.161,19.047,9.3353,20.417,3.8315,16.043,0.060025,3.0055,4.7636,2.7459,23.397
6.2275,41.841,89.363,16.148,9.4356,19.183,5.4337,16.085,0.059923,2.6765,5.5645,1.8311,21.81
9.1105,38.707,88.294,17.539,7.5473,24.274,4.034,17.584,0.043285,2.8991,4.4779,0.77584,19.84
2.1618,35.535,74.062,14.279,12.238,22.844,4.5214,18.46,0.040633,2.7416,4.8674,1.5032,20.937
4.4233,39.467,83.67,18.251,8.9037,22.345,4.3123,16.48,0.012254,2.7434,4.7801,3.8754,19.725
6.193,44.747,72.576,15.1,7.5453,25.24,4.9146,17.625,0.02367,2.6558,5.505,1.8324,18.46
7.624,37.265,71.372,15.68,12.075,21.196,4.7905,17.8,0.015704,2.7843,5.3489,3.7736,21.469
7.5583,35.734,81.485,12.005,7.3646,21.362,3.8194,14.842,0.068517,2.6066,6.1317,0.95861,17.025
10.014,32.976,79.467,14.5,7.8775,19.437,4.6955,17.361,0.042174,3.0255,5.2534,0.98371,21.431
2.7778,43.673,85.103,14.833,9.4316,23.712,4.3282,14.926,0.065115,3.0288,5.719,1.4138,18.428
10.635,44.622,73.231,13.084,9.5452,25.838,4.0789,18.45,0.018265,3.0537,5.4603,4.0984,19.537
7.8389,42.79,83.004,12.712,7.8122,25.406,4.0542,16.359,0.0166,2.6734,3.9459,2.1664,22.741
2.9064,38.905,73.022,17.881,12.213,23.791,4.4923,15.711,0.056945,3.056,5.4588,2.5539,18.105
4.0904,43.006,79.834,18.499,10.186,24.152,3.9842,17.608,0.015836,2.8399,5.7606,3.9446,17.67
9.4199,37.677,76.613,16.074,10.857,20.559,3.5526,17.245,0.030001,2.9649,4.7686,4.279,19.671
7.6291,35.598,81.469,14.784,12.463,22.53,3.3341,15.551,0.039802,2.8387,4.4568,1.9454,17.977
6.4271,35.33,85.359,13.862,9.9576,19.93,4.5357,15.584,0.066702,3.0126,5.3178,3.1049,17.2
7.4008,44.282,89.479,17.764,8.3502,19.267,4.4483,16.195,0.043165,3.0977,5.4973,0.68413,21.928
10.62,31.138,83.4,17.461,9.0087,21.864,4.7588,16.444,0.061869,2.7318,5.8533,0.50114,17.769
9.582,38.756,74.99,18.181,11.824,24.489,5.5298,15.181,0.013038,3.0499,4.1455,0.85173,20.39
7.7478,40.17,74.087,13.683,7.0383,21.265,4.0759,18.299,0.037125,3.058,5.5913,1.8817,20.974
3.4098,33.775,89.816,15.385,11.029,20.716,5.3232,16.451,0.020409,2.6384,4.5294,1.5915,22.187
2.9901,40.235,75.438,14.01,9.7527,20.531,5.5182,15.218,0.041437,2.9853,5.8595,1.9557,23.163
10.47,44.557,76.712,14.601,10.13,21.689,3.7717,14.826,0.015466,2.8738,4.5252,1.2989,19.26
9.1776,34.054,78.293,14.602,11.699,20.331,5.2538,16.373,0.058301,2.9964,4.6155,1.4963,20.631
5.8423,37.283,86.653,18.669,9.1707,24.179,4.2613,16.483,0.028699,3.057,5.6829,2.4778,24.43
10.201,31.57,85.608,14.993,8.5611,20.947,5.1487,18.259,0.042057,2.8796,3.7783,0.91609,22.819
